classifier,Acc,Auc
LogisticRegression,0.9728715236307798,0.9962296089136589
DecisionTree,0.9931752260706365,0.9953127092658642
Random Forest,0.9959904453164989,0.9998583368874074
GBT,0.9970141614059034,0.9999518674729527
